delta_ave,theta_ave,lowalpha_ave,highalpha_ave,lowbeta_ave,highbeta_ave,lowgamma_ave,midgamma_ave,delta_c3,theta_c3,lowalpha_c3,highalpha_c3,lowbeta_c3,highbeta_c3,lowgamma_c3,midgamma_c3,delta_c4,theta_c4,lowalpha_c4,highalpha_c4,lowbeta_c4,highbeta_c4,lowgamma_c4,midgamma_c4,delta_c5,theta_c5,lowalpha_c5,highalpha_c5,lowbeta_c5,highbeta_c5,lowgamma_c5,midgamma_c5,delta_c6,theta_c6,lowalpha_c6,highalpha_c6,lowbeta_c6,highbeta_c6,lowgamma_c6,midgamma_c6,delta_c7,theta_c7,lowalpha_c7,highalpha_c7,lowbeta_c7,highbeta_c7,lowgamma_c7,midgamma_c7,state
550178,119026,21073,22937,15088,23720,12566,7356,-543430,-114700,-12231,-9353,1734,-1585,-4510,-161,-482920,-73695,17678,-667,-5459,-19066,-10067,-3912,897893,-84773,-5703,-5202,468,-13622,-2625,-1508,-319553,-104160,-19247,388,-12304,-16740,-2501,-3138,-491136,-71412,-16473,-21355,-14143,-20348,-9149,-6542,easy
64627,29067,21273,5595,6049,19035,12103,5451,-53597,-9370,-20231,-1038,1541,27916,11891,1527,632823,6665,-910,25631,5257,-13144,-5448,-373,290173,148781,23354,26168,11552,29874,19327,6799,-41818,-17971,-14318,3747,1918,977,6835,18001,280297,92361,-3657,5004,-3098,-7298,-6582,-917,difficult
54624,19956,12470,6635,7042,13413,10817,7922,210974,-5809,2495,9545,858,-3098,9365,-838,608361,4070,-4328,-2487,183,-2432,-5613,-1564,789335,320468,53086,4326,21111,13793,12055,20066,439450,353704,46646,15410,31363,8626,60354,25693,733594,173755,36965,-787,8543,27016,73609,22803,easy
38255,38479,9104,6387,6429,18267,22172,13065,123042,-32245,-571,-1563,-3144,-11928,-18727,-10927,126460,-33552,-7822,-4937,-5150,-16942,-21220,-12364,-33936,-35501,-7460,569,-1254,-13243,-14698,-10805,-29669,-6861,14193,65938,29518,30477,-4134,-5641,593439,23977,1195,2438,-3214,-12023,-18466,-10865,difficult
800379,134800,26481,19006,30969,19723,17944,13877,-608882,-127444,-23487,-17667,-29268,-16128,-16597,-11962,-353250,-101340,-20124,19362,-6816,17845,8695,-4537,-738565,-130211,-24328,-16933,-27232,-15517,-14516,-10735,-672597,-96910,-221,-8545,-23706,-11037,-13759,-10049,171444,20635,32928,58741,-17173,19562,-6437,-689,easy
833370,48478,31803,17818,6521,13180,8234,3612,-681049,22911,-18728,-15313,13905,-6728,-4508,2111,-201313,104316,-6948,4370,-1164,32183,43899,14467,-824458,-38894,-28972,-15686,11363,5830,13935,11064,-817691,-41741,-28158,-13251,9628,26392,31377,14641,-759821,17897,-28305,-9366,4071,-5477,-2086,-1401,difficult
1075393,48575,6272,23222,9908,22952,27014,14863,1686651,68746,66671,6751,5827,53979,4877,-5980,-1072040,-44005,1296,-18645,-6228,17309,21585,8562,-993385,-15357,-884,-9489,2551,-12608,-22422,-12108,-1061408,-33129,-2201,-18688,-8662,-5906,-21335,-12824,-1011398,-44273,-6012,-22616,-8659,-20923,-26220,-12624,easy
188829,130573,38984,16445,9926,25256,7723,10091,22876,-115700,-36757,-14183,-8355,-23023,-5049,-9354,-182328,-125404,-35880,-9132,-6405,86835,11580,218,-186304,-122972,-36025,-10784,-2820,7503,22588,3489,285897,-108180,-31499,-4981,316,9904,13138,1573,-183441,-117129,-33857,7257,-2020,61328,39141,4136,difficult
263304,45371,14468,5378,2494,7796,6885,5192,1515373,100671,4398,5173,5166,4830,4388,1095,-250803,8893,13952,23372,9535,16831,11694,4592,-241091,3853,20267,17806,24812,25683,12879,20490,-191176,-8618,-12482,6294,497,-699,144,-1275,114345,4091,11344,19372,32028,15089,3543,9028,easy
212840,74074,7528,11511,13326,35104,66974,26130,-130258,-50498,-4680,-8774,-11899,-32871,-64460,-25190,-120646,19178,2603,8309,12320,-20612,-31891,-16327,-134172,-44337,-2005,-3998,11697,2180,-52588,-6536,474588,21326,67560,-1679,1181,-24677,-52185,-16652,576881,-43193,3040,-8355,-10383,-28598,-65605,-24564,difficult
1168005,57312,25077,18823,14561,15741,11594,7667,-638021,10353,-7871,21794,3572,22557,-1250,-836,-629619,-17136,-14497,15963,-6688,-4901,2470,-808,-1132452,6951,43065,-4369,-1062,3216,-1543,-4209,620971,-6140,-23481,2089,-6714,-2027,-6919,-5759,-890854,-27843,-12004,-9279,-11084,-10711,-3200,-6057,easy
1308752,78771,20444,16167,10949,21244,7275,9836,-797282,144682,10006,25945,23298,68728,179026,14375,-1307189,-77878,-19645,-15314,-5212,-14962,-1358,-6631,-1214101,-28004,12620,-11553,-1208,17965,2461,496,-1282772,-20962,42763,37484,19236,-6734,49306,15158,-482854,179106,31521,47736,34037,56124,14427,17446,difficult
834993,146350,25975,19237,11185,29495,8256,12972,995026,20828,26491,31459,-4251,720,58354,9758,-808950,-123101,-22901,-14226,-3233,-20143,6851,-6230,-685431,-86159,-18752,-5819,-2513,12345,4985,3864,1047341,-41829,1248,13318,55825,32134,27942,-1727,17954,-53633,-9505,-14605,-4089,-16038,-2092,-7586,easy
306388,42626,24618,9438,9651,19658,10352,9377,907494,92143,-12672,3650,17644,17251,43547,-744,-302630,-39716,-19996,-4372,-5496,-14229,-4299,-7065,-301105,-31775,-22576,-4429,296,-10033,-2139,-3505,-301171,-35949,-20008,-3303,6495,-6054,-4747,-5939,-304895,-31383,-20617,-6015,152,-11025,-5890,-2525,difficult
727368,58491,12324,21644,9103,30594,18040,14754,785697,177142,2201,30919,20897,32053,3417,6723,-707176,-55923,-4226,-19627,-4209,-19784,-14955,-12580,-633397,-3209,6098,-17142,-2321,-26115,-15549,-12790,-715142,-36184,7267,-2952,-1978,-16474,-672,-10513,525007,-39847,-8899,-18219,-4328,-26653,-15652,-12509,easy
413296,80955,28786,13551,5607,11677,7770,2610,-284459,-64609,-23363,-9872,-4087,-1026,-1257,5626,-297656,-38304,-27817,-12323,2227,360,-3269,650,-306590,-62371,-15515,-6857,8447,-6671,-202,3742,375429,-8810,-25172,10800,1025,1459,-6041,316,-141708,-12245,-8917,-544,24737,60964,25008,15619,difficult
219077,15790,8712,10792,15509,20321,16981,10144,-31978,20589,61321,22301,11090,43709,1298,10761,-203639,-5337,-4966,-3610,-146,8457,773,-5708,-203741,-5940,-2404,-6172,-10434,16206,25638,1400,292147,94305,-3224,-2975,-802,53707,20068,7315,-109424,21249,-5404,-6623,-14293,-17653,-15920,-8626,easy
847954,92388,11402,21619,3335,25277,10099,9389,-721738,-84774,-10083,-15142,-2287,-21998,-7556,-8193,-844257,-66551,-7695,-8726,13692,24311,19881,952,-844317,-73768,-1842,-5053,3603,-3451,4720,9,-787120,-57716,2930,-9996,12378,-4868,-1061,3398,-758807,-86465,-11007,-20780,-1075,-23735,-9238,-8559,difficult
718792,100426,21852,15324,9092,45313,41833,14376,543407,30153,22695,-13264,9968,-32760,-14921,-1743,448594,-57285,-3437,-4919,-2905,-31415,-40048,-12562,-607285,-90902,-20574,-14939,-8194,-41305,-40476,-13594,-636875,-75702,-17786,-10688,-3281,-37900,-30768,-6193,48774,28321,2151,379,-3014,-6808,9687,10020,easy
231327,32488,6009,6773,3958,6328,6958,4693,484462,225194,74495,37807,39089,29604,54655,26927,28265,-21094,-3361,-5989,-2678,-1154,-2308,-3223,-156480,4333,-1028,-3920,-1154,2772,6818,2000,-29555,-16445,-2036,-3052,-446,5994,-2728,-805,-221468,-13134,-1143,11382,10033,24905,24130,1523,difficult
460382,48958,22749,21060,16536,32005,9322,8611,-402834,-17041,-14643,-19833,-9725,-23671,-5968,-829,-443860,-37623,-18750,-3243,9077,-10903,5590,6167,-414488,-26748,-9002,12002,16713,-8963,8829,9398,-157143,10160,2401,-6896,-9181,-27608,-5178,-6180,-419427,-43003,-19923,-7076,-10162,-25530,-4363,-7611,easy
780196,76074,20360,17974,7740,31441,29309,22804,-536452,23205,-860,473,4969,-20984,-18661,-17285,-28452,37301,-3951,4865,20605,9083,120,4588,-729881,-56973,-2637,-5065,9559,-15184,-19987,-14009,-736866,-35121,-6719,7754,10744,-26319,-24276,-19011,-616031,136304,-6602,-10755,-2445,-22655,-23004,-18669,difficult
12886,16756,4942,3981,13086,20029,17549,6187,98365,249,-820,809,-10465,-1749,22642,-3785,-6065,-1382,-3179,2859,-2023,9421,51245,29608,112138,2504,-2892,-2385,-11823,-9778,-6180,1455,-10567,3363,6407,1222,-4990,1135,4932,2858,-4088,-13290,1120,-1320,-6133,-1051,11617,6592,easy
419995,63023,7981,8943,4414,6168,4166,2967,888937,350929,44351,-4007,45417,27300,37535,15084,-348191,-57969,4773,-994,-3348,2797,2392,8965,-415711,-45869,3744,1303,18680,35929,28193,11779,513627,72741,-6355,-5391,4255,26654,28160,16534,-336927,-55263,-4120,-8330,-1066,-895,-3376,-2462,difficult
309590,39481,14379,13419,13049,15801,10102,4897,-43254,9931,-10813,-5978,-11073,-6844,-605,2438,-267931,-13385,248,-10113,-7512,-5298,1721,-2256,93817,154452,-7168,13042,2380,12778,47093,13811,-130662,-30462,-13171,-11238,-11338,92,-7255,3357,-18047,98431,19558,-9686,-548,14395,9546,12750,easy
160385,22975,7903,4218,6274,11325,6263,5972,-136613,-18927,-2493,13675,2106,33825,22503,19804,-137198,-21051,-5074,-2876,-2470,1937,-3562,-2251,1202022,282090,54375,12791,24718,46368,18249,15796,-36756,17617,33106,11414,1026,35716,18126,17049,-57730,-15404,-6595,998,-189,-5318,-1460,-2273,difficult
169076,29766,7975,8327,12059,16703,6566,4121,-66889,-4616,10664,-16,-7881,-11411,3050,-103,1230712,112927,15112,18207,45273,8957,5134,8960,-161581,-7920,-3420,-5783,-6007,-861,9349,3795,-166177,-19849,4072,-3538,-9389,1474,-2616,4220,-15659,50119,-1624,-6480,-5649,-9834,-4692,-1874,easy
107630,24202,7227,7504,14448,21984,14526,9572,-100226,-12371,-3064,2305,-6242,46709,509,-224,-101016,-21900,-1253,7606,-9103,15079,20124,6993,-102541,-15684,171,10754,-5505,17952,17288,5292,1673678,147948,11788,8966,-6193,58399,7072,37,-95649,-17941,-1254,-442,-1075,15587,33960,-2014,difficult
879645,34081,7421,18852,8528,13007,9360,4644,-92685,234902,9219,1511,7164,73488,41923,22932,-228984,126085,73228,926,2745,29800,10146,7294,778157,121443,9247,2263,7164,34317,17276,24499,-876905,-30822,-2447,-10532,-699,-2153,-1003,-2833,28203,-11370,3417,-3172,929,-1234,-3007,-1649,easy
208941,126941,37049,4167,5757,18928,7108,3903,1749984,6451,18698,79193,46014,53136,29941,11466,-163745,-92501,-34023,-3155,-4071,-16158,-3935,-2631,1608888,-77640,2969,37648,27391,30447,30826,30061,596249,166089,-3115,5841,5227,-3390,-4139,6307,-57878,-112191,-28699,2101,5812,-4589,5621,-412,difficult
630361,42773,3293,7465,3647,9661,10647,3754,-347604,-3664,36214,-4308,7725,4493,-3656,1611,-527027,-28297,1736,3980,-327,616,-6880,4821,-613506,-7893,19576,14718,18768,35938,15341,7538,-471690,-19628,1869,-1456,-2097,-3385,-7004,688,1188959,55720,46263,69771,46833,71380,12322,11102,easy
718617,34846,23818,20430,12049,14302,11988,6218,-563386,37505,5069,-4578,1954,89508,39038,40481,-673521,714,-22821,-15958,-9959,-711,-8550,-1269,-710023,-24682,-21657,-19169,-8663,-7242,-8702,-2605,-703175,-24353,-16989,-11431,-3517,73127,10926,18983,-704239,-30266,-19431,-14935,-4080,29564,35226,23769,difficult
572125,50220,14848,15090,5926,7397,6685,4053,-558011,-48424,-11890,-13689,-5127,23634,668,1184,-562622,-38871,-12478,-11590,9261,33457,7086,12657,-470187,-26420,-12541,-14237,-3700,2694,-4436,368,-490523,-48412,-13302,-14768,-4817,-5237,-5631,-3368,-438812,-36644,-12554,-12724,1798,2117,-578,4190,easy
312064,32688,9511,6876,10276,9271,6571,5352,112632,172481,107567,-2276,22815,34444,52666,24579,2854519,407984,-9,18647,8848,5297,60610,16250,-301587,-21839,-5578,-4567,-3837,3053,-1727,-2318,-309297,-22226,-8054,12471,-5242,14637,38121,16767,-286332,-19048,1513,-1001,9478,13313,1574,6272,difficult
570472,41406,20132,12873,9142,17415,16153,17493,-549589,-3562,-4559,-4918,16813,65810,13202,367,-478458,-7548,-15275,13298,-2637,31504,71838,11052,-541685,-35537,-18857,-10461,-7952,469,-10118,-14869,-105370,-6934,-6032,-9382,-3166,-15709,-15339,-16774,-550591,-18806,-17496,10242,12693,5003,-3185,-9563,easy
709194,207860,57378,33442,15542,22557,12751,9858,-2033,-96309,-53889,-23767,2693,9614,13540,13985,-619764,-194850,-53456,-29490,-12611,-12800,-1355,-7357,308346,-168443,-47572,-29752,-574,-7187,-4307,-5246,-640006,-187668,-50297,-28130,-10035,-19500,-10795,-8970,-702017,-194569,-41106,-28168,-11687,-4099,-6992,-5999,difficult
858631,155863,48501,35811,18978,27306,32469,23154,-657387,-49178,-21619,-14724,-1775,15886,-14897,23874,906423,-110826,-32099,-23915,-8828,-18001,-17506,-18718,-658365,-143251,31129,34231,44056,21668,2828,1295,927239,75250,25399,-6610,28212,5067,-11326,-10590,-516745,-129618,-33591,-27110,-6741,-14154,-27397,-19856,easy
489975,126011,12314,12615,15361,10270,9476,5190,-285317,-101657,-11939,11678,28523,135617,58377,13383,306326,-105647,15684,-6019,-12487,866,3263,980,-471528,-109935,-8452,-11705,-11232,4340,-686,-609,-420031,-117926,-9198,-11355,-14311,-7810,-8682,-4262,-422742,-72806,6208,6229,-8956,6250,-4415,-3002,difficult
419886,50040,17604,3433,4258,10050,12717,5938,-410332,-45224,-9411,-1467,-1133,-1642,-9317,-1962,-328749,-39508,-9833,-862,5793,-3075,-4884,-1428,190655,-36455,-7184,5477,7561,14830,-4667,-89,-401580,-46110,-14130,-1006,-550,-7760,-11561,-5296,-314857,-34778,-14333,2171,6833,-5357,-10447,-4819,easy
99544,102063,5759,3849,8499,25705,19659,6532,406206,-78730,3418,13931,5397,11238,56134,13013,69571,-3651,51256,8455,-262,7388,37478,15586,-89663,-79985,9348,25133,12004,712,12458,13732,3483864,175674,165900,67655,54213,38485,4403,2516,-45937,-29454,3131,-1294,-996,-21820,-12763,-2935,difficult
1431443,199945,26140,28678,29111,45742,62234,17085,-961456,147666,-4464,1869,7681,29657,22162,8470,-1419035,-196493,-24969,-24002,-20040,-4828,-25519,-2267,-108009,68660,-7060,8505,5371,-19434,-48984,-9980,-1421588,-193729,-20948,-27415,-27271,-39988,-59604,-15283,-1418232,-169826,-14037,-24142,-18778,-19070,-46045,-4975,easy
771995,98973,34910,28035,2912,12111,6624,6547,-769831,-93887,-31625,-23205,10600,22928,9234,6312,-765150,-72952,-21092,-26078,5514,-6095,-4294,-3568,-742752,-80601,-33446,-16879,2256,-8041,-5346,-3826,-767671,-89377,-29392,-23003,-717,-1400,-3511,-4441,-769489,-91329,-19149,-23989,-345,727,-54,-2147,difficult
776186,170358,40380,39093,26905,40835,24121,15794,-480835,-92662,-13622,-32975,-22157,-29977,-18261,-13456,-767812,-155236,-34144,-20519,-18664,-15917,-11712,-4884,-675215,-158259,-38286,-35010,-21648,-33262,-15374,-12003,-80463,77352,76370,17049,8906,-1187,-2992,-5783,-705713,-161757,-35573,-38256,-25129,-39353,-23031,-14064,easy
143262,141467,20179,17707,20158,21936,18190,7111,178938,75224,8656,11748,-11859,-12311,-9471,-2898,1912216,85537,-1867,45654,25006,6207,19389,5395,206328,-123810,-18907,-13927,-14641,13520,5932,29304,-109632,-107621,-11769,445,-18239,-14666,-16362,-5241,-128739,-108011,-7707,-8027,-8756,22597,-3928,2509,difficult
631756,130806,9148,7522,5107,26116,34780,12677,295896,-8076,15488,37752,40391,27827,5436,-4190,-173681,-86249,-1777,13832,3033,27792,-13262,10662,-513810,-103568,-7405,8779,1204,-19952,-31501,-9976,-484157,-45608,11865,5790,29402,18713,-2873,-1516,276541,-41591,28165,-3791,15083,3274,-17249,125,easy
1372136,165489,24563,19486,23221,43787,20231,12831,-1370562,-159240,-21696,-10106,-18139,2071,-5817,23229,-1356487,-152356,-20033,-17505,3544,7835,-4850,8906,-1350232,-139033,-3967,-14879,-16990,-19773,-7618,398,-1292994,-157159,-22602,-10965,-15273,-38296,-15193,-11037,-1350148,-146077,-10492,-6937,-17822,-38914,-18370,-10585,difficult
653714,26575,15233,14615,9979,13756,5594,5462,-612910,96441,1473,-10530,9559,51891,38454,7064,-641434,-13366,30421,16884,8246,81686,6122,26491,-540824,11677,-3636,-54,7413,-4872,-1282,-3382,-647618,-23230,-14638,-13979,-6208,-10286,-2248,-1366,-569566,30002,14751,-3453,545,1882,-2937,-2688,easy
314577,41892,14919,7457,7594,13772,12333,9381,-42197,-24510,4920,5366,-5118,-3587,-9197,-5067,-308499,-19636,-5321,2555,-699,43157,32003,11953,-301460,-32776,-407,59,-1631,33459,1567,-1838,-193255,76240,7781,23133,-3851,5719,-819,8704,-26440,187565,8900,17645,26696,55207,51995,16760,difficult
649380,48397,17982,12374,12539,20863,13263,5483,308843,-38827,-12068,-5935,-10708,-12110,-10098,-2047,-13062,197076,10689,-1489,2630,-6674,-9025,3492,-350124,12464,-10730,-4279,-5818,21731,9849,36081,-644906,-41737,-16051,-7681,12328,-282,18135,-101,-616722,3880,3058,-6963,-7763,-12920,-12568,-3479,easy
90854,14503,4371,11030,7078,12801,4220,5119,222412,88222,-1137,-6493,-3223,-3182,4915,-487,16766,2652,3265,-7318,914,-2792,-645,-2053,-64105,-6354,7279,2849,11891,21315,5057,2031,-77178,3553,-1770,4402,7846,8265,11296,3445,-480,391,-884,-7815,-3420,-10710,-2018,-4212,difficult
545954,66870,15663,27432,10296,64779,26742,21171,-375115,-49225,11691,-24901,-6352,-57510,-17456,-10912,-203914,-22652,-2174,-10689,18910,-14180,1177,-11465,-472267,-63799,-15204,-26468,-9410,-63757,-25326,-20215,-509038,32913,11960,1374,15115,-15521,-10420,2466,-539419,-66008,-13253,-25909,-9007,-61484,-24286,-20368,easy
262201,63557,11313,8515,6276,5119,2332,1846,-196244,-56327,-7010,-1850,-3134,-2784,270,195,-231340,-38836,-1434,1709,9448,12014,2872,5066,-191429,13640,20673,16734,2585,18316,4580,7762,631502,11240,4096,5228,6926,4183,3895,1876,-250640,-52803,-7469,-3390,-918,12859,4890,2579,difficult
397776,134453,13982,24462,4896,15194,5362,2329,-218302,-99021,-2290,-18465,3940,-4868,2053,857,300883,24449,13985,-15207,12546,-10361,395,543,-283335,-112186,-7966,-23072,11475,-10871,6361,3264,-255073,-58585,2712,6486,5703,2056,12970,9266,-327030,-240,7171,-17311,-1601,-10125,-2702,162,easy
137847,47345,10739,5804,4895,8631,4764,4979,-26223,-23665,-5275,-1172,-4274,-7259,-3290,-4225,-101347,-29929,-2122,2589,3804,-4828,-1867,-3769,10846,14968,5590,13850,881,-4211,-2807,-2781,-124294,-39137,-7763,-3754,-1859,-5005,-3714,-3775,-133231,-36117,-5767,-2742,-890,-2491,6640,-300,difficult
75337,17397,3558,5708,7022,30643,12572,5521,174184,149552,44723,24146,2466,-18766,991,6097,1143292,14892,2707,-1218,-1859,-27221,-6225,-3101,-53894,-10169,-1896,-3738,-4721,-23640,-4831,-2737,112391,57185,1080,3031,-1878,-21336,-4480,-1796,-67582,-13297,-2523,-3626,-4486,-16348,-4770,-3314,easy
893101,317210,131470,28201,24178,15735,17636,2916,-880871,-314380,-114356,-11725,-11568,24158,3204,8863,-806059,-309550,-128565,-26086,-16675,-6580,-10913,1274,-861449,-304012,-121762,-6536,-15033,23375,15985,2208,-524566,-308714,-121306,-26592,-21404,-10328,-14070,437,-840000,-315170,-128942,-22752,-22106,-14402,-16423,-1419,difficult
229275,93718,22223,17827,26002,25023,17509,5635,-130401,-90378,-19076,-16579,-24629,-22415,-16012,-4601,-134885,-73518,-20714,-16719,-23863,-23463,-16570,-4680,-224524,-87944,-20238,-10901,-23583,-16869,-13186,-2413,-162397,-82276,-20053,-15720,-25322,-20192,-13490,1061,-151681,-86726,-13374,-13546,-24038,-10687,-12885,410,easy
66809,24568,25224,17546,11466,35423,22288,10035,22396,20712,-19979,-16189,-3550,-25414,-15423,-7132,-54532,-17843,-17009,-7450,5750,19364,-8914,16379,-60753,-986,4984,-9223,4843,7475,-14352,5608,13471,32437,-8192,-893,-1712,-8686,-5334,4542,-31193,9335,-11048,-5294,46925,-12686,61012,13845,difficult
267603,127355,45228,8237,20193,46439,21192,21556,-216830,-91654,-36751,4110,-11742,-36776,-17891,-18864,-118318,-32622,-12373,7254,-11480,6777,16751,-2304,-266112,-121161,-44827,-6839,-14806,-38151,-16967,-19700,-165281,-96163,-29368,-5730,-11294,-37887,-13064,-18201,-185352,-93701,-41222,2167,-17182,-38326,-15861,-16172,easy
316193,24757,14286,7790,5388,7316,4626,3471,-165776,56815,13142,3722,19195,5009,3492,7830,-227025,-19011,-13930,-4759,-4179,-6693,-4315,-3242,-170900,28312,-12981,-2961,-264,-3145,-3951,-3006,457035,51164,-11511,-6020,-3835,-3827,-267,-625,-201872,-4139,-1034,-376,-1354,5000,-937,-1152,difficult
689294,17998,3954,4646,2912,3767,2085,1589,-684425,-7258,-6,2223,3845,14464,13204,7131,-684905,13324,14385,19155,15739,13579,11660,13956,-676689,27920,25585,22601,21216,18746,7482,17975,-263889,632924,50294,37335,105428,33344,26313,23518,-624493,-5516,-1453,-1872,3374,8976,5787,2994,easy
225231,105842,17429,10240,19854,28370,23069,13227,-138155,-101186,-15889,-9244,-18497,-25241,-21073,-12319,-164518,-73153,-7121,11069,-6204,18384,-5009,903,77241,-29524,-8269,-5069,-14377,-20931,-20179,-11440,-220890,-104098,-16123,-8161,-18282,-24309,-21405,-11966,-219648,-102240,-15272,-5158,-15935,-20697,-21073,-11397,difficult
170618,19859,11366,3432,2598,8179,2305,1489,-146579,-11307,-8436,9486,5618,16732,11424,11531,-137985,22686,26922,1761,23967,8902,9410,13168,-160331,-16556,-8042,6911,835,-1561,8129,1828,233221,202162,3501,15824,8574,20998,7786,5363,-165114,-16754,-10532,-2576,-400,-1970,502,-276,easy
352102,31795,10315,18637,22616,13334,5475,6114,461857,88061,-4794,-10961,-20486,-5302,-1905,-4184,192519,-14718,-6568,5912,-16783,16158,7140,15323,-239623,-27846,-6864,-15508,-22116,-11564,-4381,-5698,-285772,-18927,-9095,-16657,-20773,-8869,-1651,-283,-335943,-22329,-2187,-17928,-17314,3826,6720,2416,difficult
1187486,367195,43328,28627,26224,28876,32685,24847,-850059,-238311,-36452,-17526,11351,-4928,8056,7970,-1186291,-365740,-42508,-22340,-23459,-23498,-29511,-22680,-1110505,-329731,-39093,-3823,-8522,-6816,-17090,291,-1185775,-358969,-32833,-12492,6962,-14962,-25907,-21668,-1176049,-343730,-40814,-18629,-14685,7459,-11719,-16686,easy
302578,38805,8779,6864,22469,19149,14015,9684,-286658,-35055,-5652,-5059,-21708,-5427,-11104,-7978,-235959,-32834,-6077,-4137,-19712,-17788,-12992,-8482,-296967,-28887,8789,50860,931,3325,3151,2607,-119613,24,15622,11035,-18097,-14049,-11724,-7164,-299466,-35218,-6577,-3570,-9751,-3906,-7207,-1792,difficult
120256,75596,20101,14544,10153,13445,8033,6446,-112016,-64095,-13966,-11528,-2379,19222,3396,14432,-66145,-57234,-15160,-11715,-3725,-5320,-1464,-2910,186896,-60957,-17471,-11511,-2942,-5473,-4855,-69,508673,73479,8341,-5345,872,-4647,4210,-256,-82150,-35688,-18574,-13760,-4929,-3277,7529,161,easy
819854,231116,30470,36043,16829,15961,13510,9716,-719223,-49493,-22297,-30878,-11809,-12857,-10633,-6443,506905,-111809,-2905,-23083,4329,-10244,-9640,-7602,-625257,-151717,-6049,-32625,-14089,-11966,-10822,-9065,-9324,-78196,-19362,-30120,-2216,33328,10120,18093,-704511,-200608,-27020,-33601,-13963,-14667,-13074,-8951,difficult
668976,114274,19586,10366,6851,19592,9449,5866,-505800,-103792,-18573,-8585,-6594,-14269,-7855,-5049,-539028,4479,-6549,-910,1654,-8958,-2331,-2575,-658838,-103587,-177,-6144,19027,-4760,6472,1094,-607398,-111015,-18157,-8329,-3810,-16957,-6909,-4823,-663983,-98210,-16389,-3697,1045,-4912,-5842,-1271,easy
356176,123152,13562,21226,7197,43901,67343,11864,-326308,-121603,7648,12106,6405,16325,-7172,12488,-237976,-96337,-8569,-18974,-1091,-34177,-52275,-7243,-270230,-96028,-10347,-13270,2085,-35084,-55847,-3265,-290867,-70588,-6182,-9304,-1818,-29834,-51503,6339,647844,-92593,-2641,-3521,504,-33523,-59790,-6507,difficult
103820,20854,10423,7141,7021,19386,10556,7439,794330,184220,-8150,12262,9902,-8585,7580,2217,307869,61690,81734,54766,22453,16118,11484,24352,-7359,-18042,-6751,320,2239,-6477,-91,-4012,-69014,-7635,-4841,3590,3009,-14656,4933,-1380,-73054,-6999,4814,342,7695,4925,10187,10086,easy
334035,18222,6231,7928,5558,9751,2928,7765,-331131,-2028,-1709,3568,2842,22588,19104,3873,-330416,-9978,-3311,-1308,15778,-3224,6236,5078,672204,43064,11120,-7298,2649,262,1304,-4370,-234782,7593,4653,7462,4813,3709,11336,-3569,-201567,39730,-3641,-7099,516,-1844,22676,-1079,difficult
264710,51576,8522,6570,6746,10029,6386,4732,-259518,-45531,-1675,-2085,-5990,1592,-3276,-458,-202135,80172,16318,-3138,1911,4212,-2268,152,-180871,-35202,-6683,-2276,-647,-1203,-3124,-1855,-74354,63724,289,-1198,-3856,55,4106,-2007,-152192,-45593,-4979,-4253,-792,-1776,-2219,-211,easy
26048,8037,5569,2339,3332,3777,5314,2391,-6755,-814,-3328,422,2448,16349,743,1574,135356,212401,6461,33662,24060,13234,7741,7402,-11644,28398,10274,14164,5858,20162,28032,9152,10403,34710,8731,26315,59,3795,5698,5634,1601159,178873,11398,19838,13371,7064,9315,4083,difficult
476596,130742,34021,25833,12575,47885,18738,22042,2334531,391352,29509,-18783,34724,22540,12656,-2318,-397074,-111460,-28718,-18699,8711,-3359,7756,-4190,-447935,-126050,-22360,-22251,2857,-17004,-1278,-15549,309548,-75145,-6431,-19880,-5664,-41229,-15954,-20948,-465152,-112998,-24230,-3519,3252,-33022,6603,-14059,easy
947923,296636,57591,95702,25871,26409,35859,28922,-45234,-223584,-46913,-85675,-17558,-15534,-29857,-23814,-856074,-254166,-54840,-92677,-19451,10172,-29076,-25697,-944166,-293828,-52698,-93861,-11312,13896,-18892,-18128,-893717,-228596,-47257,-88935,-19212,-12290,-31863,-25554,-942291,-295589,-56953,-92489,-24464,-17585,-31266,-25801,difficult
164678,55151,10132,16294,16441,25299,18184,13453,-159995,-52962,-7552,-13235,-5090,29833,24673,-2889,-156710,-52935,-5860,-3093,-2930,-12053,23743,-5002,-132789,-21062,-7528,-13391,-13788,-11643,-13295,-10507,-140900,-49473,-2263,-11813,-9002,19099,-6646,2154,-156219,-44247,-5068,-10871,-12735,26019,3363,-3334,easy
876369,165048,65975,12396,13095,37098,13155,18302,-708539,-143194,-41962,-7561,-3054,-26298,-7094,-12447,-872681,-159285,-60193,-8129,-1480,24856,-5982,4176,-846564,-155012,-64011,-4468,9674,-6619,6620,-10047,-774766,-153691,-65467,-11007,-11746,-36047,-12512,-17582,-858039,-154587,-61634,-2566,-8758,-32363,-9193,-14112,difficult
1198743,107645,54192,31663,7783,26917,17124,23679,401977,-49582,-47370,-15764,2903,-12173,-9359,-18074,-1124151,-78535,-48742,-29534,-6111,-23534,-15314,-21923,-1103365,-24705,-45847,-12461,5436,88999,-1442,31520,-1191619,-97508,-47587,-21375,-4070,-20136,-11658,-14250,542794,12361,-11770,-14536,14277,-21361,-13745,-18829,easy
234398,51768,17602,7080,5761,6010,4872,2304,-173195,-21174,-12778,-4193,-4069,-4368,-3940,760,-170273,-48461,-13854,-245,-2054,4495,-594,3045,-124482,-25797,-11285,1294,4065,6821,2891,183,302497,-453,10312,2500,2757,10300,-679,950,798762,31097,-9470,2612,11998,4177,-540,936,difficult
491153,82247,36616,28933,16296,29248,16845,15466,-167924,-13440,-26347,-18981,-12863,-9634,-12664,-12162,452365,-1876,-28447,-18138,-838,-15856,-10051,-11212,-474475,-76798,-31094,-13930,-8589,-3498,167,-6798,-386068,-75243,-31607,-28394,-12783,-27334,-15643,-14841,881715,-35475,27863,-13077,-11243,-22221,-11431,-12090,easy
423240,8768,2921,3512,4106,12060,14597,4446,267294,227529,33457,31187,10306,33978,34004,22110,1417030,49562,9914,110,2204,61596,29070,13798,846912,108656,13625,35288,15142,59126,11403,15777,-420432,7801,4379,15843,3421,14666,3134,5078,-375910,14749,6240,22322,26445,22907,2078,1024,difficult
1021589,80505,21344,6519,15133,11129,7282,11165,-317324,64452,6386,413,708,80721,23394,3319,-995431,-66199,-10859,35985,-8831,20368,12440,868,-914687,-76930,-8772,14830,-11496,1009,-4676,-5109,-1019677,-76604,-20547,-351,-7021,2151,241,-5654,-780511,12848,-2146,3342,-5663,-3607,-2492,-10116,easy
256634,126316,22348,6139,9925,15284,10040,8056,179817,-110522,-18895,-367,-6806,271,-5915,-2776,1163328,-72895,34936,20456,11360,13411,42628,13146,-245315,-107067,-17369,-3873,8028,28217,5612,4743,-151186,-89670,-19166,-1957,-7733,-12614,-7167,-5094,-97313,-114000,-21179,-3092,-9211,-10739,-8430,-6482,difficult
765886,81475,11499,17210,28186,47877,32391,12161,-398645,-24674,-2915,-4593,-14017,-39828,-20222,-7117,-717316,-1523,9488,-5955,-1407,-32312,-4553,14047,-748528,-68410,7022,-7992,-4012,-18098,-22466,-5735,-564101,-78133,-9457,-15541,-26518,-46261,-31712,-11854,-690016,-76123,-7507,-16851,-25448,-46136,-31962,-11525,easy
474490,27132,15250,7720,3660,8601,3201,2169,-410938,-18083,-10510,-6226,-2885,-5624,-2104,-1094,-195740,84798,-3461,3739,11938,3892,2868,929,-464091,-26011,-14849,-1560,-1402,-1395,-1122,299,-436241,-17060,-11181,5249,565,-5094,-1106,-1263,-8400,645508,28818,12973,8430,26584,1536,1031,difficult
367006,20010,12373,4389,5021,5418,2752,2863,-260342,-7887,-11071,3863,-505,-1297,5861,461,-285770,-715,2389,2821,1454,2630,-699,38,-251076,4786,15093,9222,16153,13261,26523,11451,-326362,40218,-1554,1197,22930,27020,18088,16398,-362505,-7285,-7571,-1357,1032,30988,29540,10754,easy
342702,72560,16695,7129,12991,9776,7890,3878,-248198,-52563,-16014,-408,-8817,-6709,-6001,-2698,1772148,277446,43342,17046,6763,23192,8997,20545,-93853,-30522,5485,-1363,-4311,2516,5563,4183,-267012,-26279,-14797,-5654,-7481,-7390,-721,-1611,-3731,-36413,11793,39431,-9300,15954,12372,13723,difficult
473599,184098,16585,7697,12892,18070,13491,6970,-360662,-128093,12935,-3517,-7728,-9444,-5221,-2483,-422023,-176523,-16207,565,-7337,-3082,-4887,-3551,-320753,-159870,-12606,-3939,3877,30568,2848,11087,154804,-150879,-13256,1905,13781,6814,-3137,11750,-417931,-178504,-16459,-4958,-11532,-8422,-8424,-6131,easy
901882,70838,21673,7331,13453,14852,8174,7498,-441683,-44688,-6568,-1794,-6855,-9045,-5580,-6154,-441683,-44688,-6568,-1794,-6855,-9045,-5580,-6154,-887161,-62672,-16467,2492,3700,14603,11588,10374,-628772,38859,-966,3776,-20,2212,-2420,-3623,-858840,-65010,-14113,-1062,-12592,-13010,-6823,-7025,difficult
938885,63778,48646,27395,10393,21866,15230,10845,-701564,135761,-32867,-23156,-616,-13498,-12914,-7905,-257724,24945,-30899,-14904,-1785,-15729,-12836,-8843,-803655,-11750,-39765,1039,-4031,-11684,-10179,-4045,-880622,-57272,-45532,-26349,-8785,-15556,-10904,-8878,-933801,-57600,-41852,-21607,-900,-19797,-12939,-9713,easy
679236,100937,38319,10383,22296,23756,15119,12014,-398777,-54877,-36670,-4520,-19038,-8003,-1282,-6952,-673659,-93038,-29726,-4047,12041,14019,37281,6946,-672659,-84446,-27064,-1792,10149,11861,35111,7068,-602980,-53246,-21589,39451,-5669,1111,42635,1206,-212525,54642,-20584,459,-15628,-19391,9225,3450,difficult
545411,37380,5806,7103,6034,3811,2479,1501,-520971,-36305,6145,45,-1034,-1592,-893,404,-535745,-33223,-2119,-5483,13473,36206,10774,6515,-538412,-17218,1932,1016,4983,10701,2701,4212,-506700,893,8040,-3488,-631,5763,623,564,491266,5544,4241,-2355,503,-571,70,-739,easy
250553,34172,10077,5122,6735,8012,4300,5300,-190568,4193,-8650,-2467,-5820,-5682,-2999,-4561,729337,10464,5814,2642,-2103,-3444,-1093,-1414,-233797,-5388,3335,1081,5255,66831,82855,40437,36006,18839,-4015,-4663,-4124,-4421,2228,-2551,-95098,-25806,-9530,-4242,-6149,-4010,-2355,-3236,difficult
